{
    "total_runtime": 1903.1636018753052,
    "num_documents": 5,
    "input_load_time": 0,
    "workflows": {
        "create_base_text_units": {
            "overall": 1.742722988128662,
            "0_orderby": 0.003032684326171875,
            "1_zip": 0.0019207000732421875,
            "2_aggregate_override": 0.004086017608642578,
            "3_chunk": 1.7030513286590576,
            "4_select": 0.0027205944061279297,
            "5_unroll": 0.004784822463989258,
            "6_rename": 0.002526998519897461,
            "7_genid": 0.0032067298889160156,
            "8_unzip": 0.0031294822692871094,
            "9_copy": 0.0026755332946777344,
            "10_filter": 0.010059118270874023
        },
        "create_base_extracted_entities": {
            "overall": 1571.666207075119,
            "0_entity_extract": 1571.642770767212,
            "1_merge_graphs": 0.02023935317993164
        },
        "create_summarized_entities": {
            "overall": 125.6171236038208,
            "0_summarize_descriptions": 125.61371183395386
        },
        "create_base_entity_graph": {
            "overall": 0.03199434280395508,
            "0_cluster_graph": 0.024042129516601562,
            "1_select": 0.004232168197631836
        },
        "create_final_entities": {
            "overall": 0.8907954692840576,
            "0_unpack_graph": 0.010076045989990234,
            "1_rename": 0.0045850276947021484,
            "2_select": 0.0047607421875,
            "3_dedupe": 0.005620002746582031,
            "4_rename": 0.005141258239746094,
            "5_filter": 0.012551307678222656,
            "6_text_split": 0.006011009216308594,
            "7_drop": 0.00558161735534668,
            "8_merge": 0.01273798942565918,
            "9_text_embed": 0.7984564304351807,
            "10_drop": 0.006377220153808594,
            "11_filter": 0.014778614044189453
        },
        "create_final_nodes": {
            "overall": 0.14210009574890137,
            "0_layout_graph": 0.029113054275512695,
            "1_unpack_graph": 0.013389825820922852,
            "2_unpack_graph": 0.013210535049438477,
            "3_filter": 0.015551328659057617,
            "4_drop": 0.007164478302001953,
            "5_select": 0.007131338119506836,
            "6_rename": 0.007373809814453125,
            "7_convert": 0.023768186569213867,
            "8_join": 0.011550188064575195,
            "9_rename": 0.007825613021850586
        },
        "create_final_communities": {
            "overall": 0.19439268112182617,
            "0_unpack_graph": 0.014184236526489258,
            "1_unpack_graph": 0.013933897018432617,
            "2_aggregate_override": 0.011567115783691406,
            "3_join": 0.012290716171264648,
            "4_join": 0.01199650764465332,
            "5_concat": 0.008908748626708984,
            "6_filter": 0.02753305435180664,
            "7_aggregate_override": 0.011503934860229492,
            "8_join": 0.012175798416137695,
            "9_filter": 0.02166271209716797,
            "10_fill": 0.009426593780517578,
            "11_merge": 0.011446475982666016,
            "12_copy": 0.00967264175415039,
            "13_select": 0.010002851486206055
        },
        "join_text_units_to_entity_ids": {
            "overall": 0.044281005859375,
            "0_select": 0.010474443435668945,
            "1_unroll": 0.011415958404541016,
            "2_aggregate_override": 0.012176752090454102
        },
        "create_final_relationships": {
            "overall": 0.1484389305114746,
            "0_unpack_graph": 0.016925334930419922,
            "1_filter": 0.023879528045654297,
            "2_rename": 0.011004924774169922,
            "3_filter": 0.024816036224365234,
            "4_drop": 0.011622190475463867,
            "5_compute_edge_combined_degree": 0.013857841491699219,
            "6_convert": 0.023680925369262695,
            "7_convert": 0.011873245239257812
        },
        "join_text_units_to_relationship_ids": {
            "overall": 0.06447339057922363,
            "0_select": 0.012363672256469727,
            "1_unroll": 0.013192892074584961,
            "2_aggregate_override": 0.014045476913452148,
            "3_select": 0.012522697448730469
        },
        "create_final_community_reports": {
            "overall": 200.49661803245544,
            "0_prepare_community_reports_nodes": 0.014650821685791016,
            "1_prepare_community_reports_edges": 0.014389991760253906,
            "2_restore_community_hierarchy": 0.015718460083007812,
            "3_prepare_community_reports": 0.05598187446594238,
            "4_create_community_reports": 200.3681070804596,
            "5_window": 0.014755725860595703
        },
        "create_final_text_units": {
            "overall": 0.11214017868041992,
            "0_select": 0.014483213424682617,
            "1_rename": 0.014437437057495117,
            "2_join": 0.01795029640197754,
            "3_join": 0.01817941665649414,
            "4_aggregate_override": 0.017143726348876953,
            "5_select": 0.015477418899536133
        },
        "create_base_documents": {
            "overall": 0.19437193870544434,
            "0_unroll": 0.016129255294799805,
            "1_select": 0.015390157699584961,
            "2_rename": 0.015535593032836914,
            "3_join": 0.018642425537109375,
            "4_aggregate_override": 0.017286300659179688,
            "5_join": 0.024052143096923828,
            "6_rename": 0.020076513290405273,
            "7_convert": 0.052098989486694336
        },
        "create_final_documents": {
            "overall": 0.03349876403808594,
            "0_rename": 0.016765594482421875
        }
    }
}