{
    "total_runtime": 157.61162161827087,
    "num_documents": 3,
    "input_load_time": 0,
    "workflows": {
        "create_base_text_units": {
            "overall": 0.1478404998779297,
            "0_orderby": 0.0016748905181884766,
            "1_zip": 0.0019674301147460938,
            "2_aggregate_override": 0.0030536651611328125,
            "3_chunk": 0.1150362491607666,
            "4_select": 0.002311229705810547,
            "5_unroll": 0.0030765533447265625,
            "6_rename": 0.0023927688598632812,
            "7_genid": 0.002860546112060547,
            "8_unzip": 0.002997875213623047,
            "9_copy": 0.002716064453125,
            "10_filter": 0.008300304412841797
        },
        "create_base_extracted_entities": {
            "overall": 69.44073224067688,
            "0_entity_extract": 69.42904901504517,
            "1_merge_graphs": 0.008253097534179688
        },
        "create_summarized_entities": {
            "overall": 4.00707483291626,
            "0_summarize_descriptions": 4.003770589828491
        },
        "create_base_entity_graph": {
            "overall": 0.01972341537475586,
            "0_cluster_graph": 0.011968612670898438,
            "1_select": 0.0040781497955322266
        },
        "create_final_entities": {
            "overall": 0.9117560386657715,
            "0_unpack_graph": 0.005909919738769531,
            "1_rename": 0.00451207160949707,
            "2_select": 0.004615068435668945,
            "3_dedupe": 0.005004405975341797,
            "4_rename": 0.004907131195068359,
            "5_filter": 0.01203298568725586,
            "6_text_split": 0.005598545074462891,
            "7_drop": 0.005401134490966797,
            "8_merge": 0.008499383926391602,
            "9_text_embed": 0.8279726505279541,
            "10_drop": 0.006987571716308594,
            "11_filter": 0.01617431640625
        },
        "create_final_nodes": {
            "overall": 0.1140298843383789,
            "0_layout_graph": 0.012623071670532227,
            "1_unpack_graph": 0.0081024169921875,
            "2_unpack_graph": 0.00809478759765625,
            "3_filter": 0.015317440032958984,
            "4_drop": 0.006974458694458008,
            "5_select": 0.007157564163208008,
            "6_rename": 0.007385969161987305,
            "7_join": 0.010854959487915039,
            "8_convert": 0.023697614669799805,
            "9_rename": 0.007756233215332031
        },
        "create_final_communities": {
            "overall": 0.17385125160217285,
            "0_unpack_graph": 0.009661436080932617,
            "1_unpack_graph": 0.00921630859375,
            "2_aggregate_override": 0.0111083984375,
            "3_join": 0.01163172721862793,
            "4_join": 0.011302471160888672,
            "5_concat": 0.00888681411743164,
            "6_filter": 0.020517587661743164,
            "7_aggregate_override": 0.010581731796264648,
            "8_join": 0.012120246887207031,
            "9_filter": 0.021263837814331055,
            "10_fill": 0.009502410888671875,
            "11_merge": 0.010420799255371094,
            "12_copy": 0.009688377380371094,
            "13_select": 0.010036468505859375
        },
        "join_text_units_to_entity_ids": {
            "overall": 0.0433194637298584,
            "0_select": 0.010311126708984375,
            "1_unroll": 0.011301279067993164,
            "2_aggregate_override": 0.011568069458007812
        },
        "create_final_relationships": {
            "overall": 0.14372873306274414,
            "0_unpack_graph": 0.012334346771240234,
            "1_filter": 0.02389836311340332,
            "2_rename": 0.011228799819946289,
            "3_filter": 0.02461409568786621,
            "4_drop": 0.01151132583618164,
            "5_compute_edge_combined_degree": 0.013498067855834961,
            "6_convert": 0.023874282836914062,
            "7_convert": 0.01191854476928711
        },
        "join_text_units_to_relationship_ids": {
            "overall": 0.06370902061462402,
            "0_select": 0.012447834014892578,
            "1_unroll": 0.013159036636352539,
            "2_aggregate_override": 0.01356363296508789,
            "3_select": 0.012812137603759766
        },
        "create_final_community_reports": {
            "overall": 80.56377625465393,
            "0_prepare_community_reports_nodes": 0.013570070266723633,
            "1_prepare_community_reports_edges": 0.013779640197753906,
            "2_restore_community_hierarchy": 0.014926910400390625,
            "3_prepare_community_reports": 0.02711653709411621,
            "4_create_community_reports": 80.46749377250671,
            "5_window": 0.014201164245605469
        },
        "create_final_text_units": {
            "overall": 0.10955166816711426,
            "0_select": 0.015047550201416016,
            "1_rename": 0.014483451843261719,
            "2_join": 0.017447710037231445,
            "3_join": 0.01729130744934082,
            "4_aggregate_override": 0.01631021499633789,
            "5_select": 0.014871835708618164
        },
        "create_base_documents": {
            "overall": 0.18180131912231445,
            "0_unroll": 0.016106605529785156,
            "1_select": 0.015307903289794922,
            "2_rename": 0.0155029296875,
            "3_join": 0.018811464309692383,
            "4_aggregate_override": 0.01653146743774414,
            "5_join": 0.019735097885131836,
            "6_rename": 0.01596546173095703,
            "7_convert": 0.04860544204711914
        },
        "create_final_documents": {
            "overall": 0.032958030700683594,
            "0_rename": 0.016494274139404297
        }
    }
}